{
  "comment": "",
  "data": [
    {
      "comment": "",
      "item": {
        "ore": null,
        "comment": "Grapes",
        "mod_id": "Growthcraft|Grapes",
        "name": "grc.grapes",
        "amount": 1,
        "meta": 0
      },
      "fluid": {
        "comment": "Grape Juice",
        "name": "grc.grapewine0",
        "amount": 40
      },
      "residue": {
        "pomace": 0.3,
        "ore": null,
        "comment": "Bone Meal",
        "mod_id": "minecraft",
        "name": "dye",
        "amount": 1,
        "meta": 15
      },
      "time": 40
    },
    {
      "comment": "",
      "item": {
        "ore": "foodApple",
        "comment": "",
        "mod_id": null,
        "name": null,
        "amount": 1,
        "meta": 32767
      },
      "fluid": {
        "comment": "Apple Juice",
        "name": "grc.applecider0",
        "amount": 40
      },
      "residue": {
        "pomace": 0.3,
        "ore": null,
        "comment": "Bone Meal",
        "mod_id": "minecraft",
        "name": "dye",
        "amount": 1,
        "meta": 15
      },
      "time": 40
    }
  ]
}