{
    "images":
    {
        
		"menu":
        {
            "image" : "custom:textures/gui/images/main.png",
            "posX" : -215,
            "posY" : 8,
            "width" : 450,
            "height" : 250,
            "alignment" : "top_center"
        },
		"title":
        {
            "image" : "custom:textures/gui/title/logo.png",
            "posX" : -127,
            "posY" : 45,
            "width" : 260,
            "height" : 70,
            "alignment" : "top_center"
        }
		
    },
    
    "buttons":
    {
        "singleplayer":
        {
            "text" : "menu.singleplayer",
            "posX" : -90,
            "posY" : 136,
            "width" : 200,
            "height" : 20,
			"texture" : "custom:textures/gui/images/longButtons.png",
			"imageWidth" : 200,
            "imageHeight" : 20,
			
            "action" : 
            {
                "type" : "openGui",
                "gui" : "singleplayer"
            },
            "alignment" : "top_center"
        },
        
        "multiplayer":
        {
            "text" : "menu.multiplayer",
            "posX" : -90,
            "posY" : 158,
            "width" : 200,
            "height" : 20,
			"imageWidth" : 200,
            "imageHeight" : 20,
			"texture" : "custom:textures/gui/images/longButtons.png",
            "action" : 
            {
                "type" : "openGui",
                "gui" : "multiplayer"
            },
            "alignment" : "top_center"
        },
        
        
            
        "options":
        {
            "text" : "menu.options",
            "posX" : -90,
            "posY" : 180,
            "width" : 98,
            "height" : 20,
			"imageWidth" : 98,
            "imageHeight" : 20,
			"texture" : "custom:textures/gui/images/shortButtons.png",
            "action" : 
            {
                "type" : "openGui",
                "gui" : "options"
            },
            "alignment" : "top_center"
        },
        "mods":
        {
            "text" : "",
            "posX" : -115,
            "posY" : 156,
            "width" : 20,
            "height" : 20,
			"imageWidth" : 100,
            "imageHeight" : 100,
			"texture" : "custom:textures/gui/images/mods.png",
            "hoverText":"\u00A72#modsloaded# Mods loaded \u00A7e Mods active: #modsactive#",
			"action" : 
            {
                "type" : "openGui",
                "gui" : "mods"
            },
            "alignment" : "top_center"
        },
        "quit":
        {
            "text" : "menu.quit",
            "posX" : 12,
            "posY" : 180,
            "width" : 98,
            "height" : 20,
			"imageWidth" : 98,
            "imageHeight" : 20,
			"texture" : "custom:textures/gui/images/shortButtons.png",
            "action" : 
            {
                "type" : "quit"
            },
            "alignment" : "top_center"
        },
        
        "language":
        {
            "text" : "",
            "posX" : -115,
            "posY" : 178,
            "width" : 20,
            "height" : 20,
			"imageWidth" : 100,
            "imageHeight" : 100,
			"texture" : "custom:textures/gui/images/languange.png",
            "action" : 
            {
                "type" : "openGui",
                "gui" : "languages"
            },
			"hoverText":"Language",
            "alignment" : "top_center"
        },
        
        "Issue Tracker":
        {
            "text" : "",
            "posX" : -115,
            "posY" : 134,
            "width" : 20,
            "height" : 20,
			"imageWidth" : 100,
            "imageHeight" : 100,
			"texture" : "custom:textures/gui/images/issues.png",
            "action" : 
            {
                "type" : "openLink",
                "link" : "https://github.com/Superfrogman98/Goliath-Industries/issues"
            },
			"hoverText":"Issue Tracker",
            "alignment" : "top_center"
        },
        "refresh":
        {
            "text" : "",
            "posX" : -175,
            "posY" : 125,
            "width" : 20,
            "height" : 20,
            "alignment" : "top_center",
            "texture" : "custom:textures/gui/images/buttons.png",
            "action" : 
            {
                "type" : "refresh"
            },
            "alignment" : "top_center"
        }
    },
    
    "texts":
    {
        "mojang":
        {
            "text" : "Copyright Mojang AB. Do not distribute!",
            "posX" : -100,
            "posY" : -5,
            "color" : -1,
            "alignment" : "bottom_right",
			"fontSize" : ".5"
        },
        
        "mod_data":
        {
            "text" :"Forge Version: #forgeversion# ",
            "posX" : 2,
            "posY" :-5,
            "color" : -1,
            "alignment" : "bottom_left",
			"fontSize" : ".5"
			
        }
    },
    
    "other":
    {
        
        
        "background":
        {
            "image" : "",
            "slideshow": 
            {
                "images" :
                [
                    "custom:textures/gui/background/fractures.png"	
                ],
                "displayDuration" : 120,
                "fadeDuration" : 40,
                "shuffle" : true
            }
        }
    }
}